Employee_ID,First_Name,Last_Name,Designation,Department_Name,Gender,Emp_Start_Date,Email,Role_Name,Role_Name_1,Role_Name_2,Ph_No,Annual_Balance,Maternity_Balance,Sick_Balance,Compassionate_Balance,Days_in_Lieu_Total,Short_Leave_Balance_(hours)
12345,Bruce,Wayne,Academics,Academic Services,M,1/9/2010,bruce.wayne@murdoch.edu.au,Admin,LM,HR,971528010083,20,0,2,10,5,120
12346,Clark,Kent,HR Officer,HR,M,1/10/2010,clark.kent@murdoch.edu.au,Admin,Staff,,971521000000,20,0,2,10,5,120
12347,Kunal,Shah,IT Head,IT,M,1/11/2010,kunal.shah@murdoch.edu.au,Staff ,,,971521000000,20,0,2,10,5,120
12348,Mandy,Northover,IT Head,IT,F,1/12/2010,mandy.northover@murdoch.edu.au,HR,LM,Staff,971521000000,20,0,2,10,5,120
12349,Sukhi,Paji,Marketing Head,Marketing,M,1/13/2010,sukhi.paji@murdoch.edu.au,LM,,,971521000000,20,0,2,10,5,120
12355,Zobad,Batam,Finance Head,Finance,M,1/14/2010,zobad.batam@murdoch.edu.au,LM,Staff,,971521000000,20,0,2,10,5,120
12365,Jasim,Khuni,IT Intern,IT,M,1/15/2010,jasim.khuni@murdoch.edu.au,HR,,,971521000000,20,0,2,10,5,120
12375,Awais,Legend,Logistics Head,Logistics,M,1/16/2010,awais.legend@murdoch.edu.au,Staff,LM,HR,971521000000,20,0,2,10,5,120
12385,Junaid,Doggo,Academic Services Intern,Academic Services,M,1/17/2010,junaid.doggo@murdoch.edu.au,HR,,,971521000000,20,0,2,10,5,120
12395,Vitto,Escobar,Finance In Charge,Finance,M,1/18/2010,vitto.escobar@murdoch.edu.au,LM,,,971521000000,20,0,2,10,5,120